<?xml version="1.0"?>
<employees>
	<employee>
		<employee_code>101</employee_code>
		<employee_name>preetham</employee_name>
		<date_of_joining>10-JAN-2010</date_of_joining>
		<salary>18000</salary>
		<grade>A</grade>
	</employee>
	<employee>
		<employee_code>102</employee_code>
		<employee_name>Aakash</employee_name>
		<date_of_joining>10-NOV-2005</date_of_joining>
		<salary>48000</salary>
		<grade>C</grade>
	</employee><employee>
		<employee_code>103</employee_code>
		<employee_name>Kishore</employee_name>
		<date_of_joining>19-DEC-2011</date_of_joining>
		<salary>21000</salary>
		<grade>B</grade>
	</employee><employee>
		<employee_code>104</employee_code>
		<employee_name>Reena</employee_name>
		<date_of_joining>23-JUN-2006</date_of_joining>
		<salary>42000</salary>
		<grade>C</grade>
	</employee><employee>
		<employee_code>105</employee_code>
		<employee_name>Kailash</employee_name>
		<date_of_joining>05-FEB-2004</date_of_joining>
		<salary>52000</salary>
		<grade>C</grade>
	</employee><employee>
		<employee_code>106</employee_code>
		<employee_name>Sahana</employee_name>
		<date_of_joining>18-NOV-2003</date_of_joining>
		<salary>27000</salary>
		<grade>C</grade>
	</employee><employee>
		<employee_code>107</employee_code>
		<employee_name>Keerthana</employee_name>
		<date_of_joining>25-JUL-2006</date_of_joining>
		<salary>27000</salary>
		<grade>B</grade>
	</employee>
</employees>