<?xml version="1.0" encoding="UTF-8"?>
<xs:schema elementFormDefault="qualified" xmlns:xs="http://www.w3.org/2001/XMLSchema">
	<xs:element name="grade" type="xs:string"/>
	<xs:element name="date_of_joining" type="xs:string"/>
	<xs:element name="employee_name" type="xs:string"/>
	<xs:element name="employees">
		<xs:complexType>
			<xs:sequence>
				<xs:element ref="employee" maxOccurs="unbounded"/>
			</xs:sequence>
		</xs:complexType>
	</xs:element>
	<xs:element name="employee">
		<xs:complexType>
			<xs:sequence>
				<xs:element ref="employee_code"/>
				<xs:element ref="employee_name"/>
				<xs:element ref="date_of_joining"/>
				<xs:element ref="salary"/>
				<xs:element ref="grade"/>
			</xs:sequence>
		</xs:complexType>
	</xs:element>
	<xs:element name="salary" type="xs:string"/>
	<xs:element name="employee_code" type="xs:string"/>
</xs:schema>